persona,ruta
Ale,CR02
Ale,CR04
Ale,CR05
Ale,CR07
Ale,CR09
Fiorella,CR10
Fiorella,CR12
Ale,CR13
Fiorella,CR14
Ale,CR16
Ale,CR19
Ale,CR20
Ale,CR23
Ale,CR24
Ale,CR25
Ale,CR27
Ale,CR28
Ale,CR30
Ale,CR31
Ale,CR32
Ale,CR34
Ale,CR35
Ale,CR37
Ale,CR38
Ale,CR39
Ale,CR40
Ale,CR41
Ale,CR42
Ale,CR44
Ale,CR45
Ale,CR46
Ale,CR47
Ale,CR48
Ale,CR49
Ale,CR51
Ale,CR52
Ale,CR53
Ale,CR54
Ale,CR56
Ale,CR57
Ale,CR58
Ale,CR61
Ale,CR62
Ale,CR65
Ale,CR66
Ale,CR69
Ale,CR71
Ale,CR75
Ale,CR78
Ale,CR84
Ale,ECR02
Ale,ECR03
Ale,ECR05
Ale,ECR09
Ale,ECR10
Ale,ECR13
Ale,ECR14
Ale,ECR15
Ale,ECR17
Ale,ECR18
Ale,ECR20
Ale,ECR21
Ale,ECR22
Ale,ECR23
Ale,ECR24
Ale,ECR26
Ale,ECR28
Ale,ECR31
Ale,ECR32
Ale,ECR33A
Ale,ECR34
Ale,ECR35
Ale,EM01
Ale,EM02
Ale,EM05
Ale,EM11
Ale,EM13
Ale,EM15
Ale,EM16
Ale,EM17
Ale,EM21
Ale,EM23
Ale,EM29
Ale,EM30
Ale,EM32
Ale,EM34
Ale,EM35
Ale,EM36
Ale,EM37
Ale,EM40
Ale,EM41A
Ale,EM41
Ale,EM42
Ale,EM43
Ale,EM45B
Ale,EM45C
Ale,EM45
Ale,EM46
Ale,EM47A
Ale,EM47
Ale,EM48A
Ale,EM48B
Ale,EM48
Ale,EM49
Ale,EM53
Ale,EM54
Ale,EM55A
Ale,EM55
Ale,EM58A
Ale,EM58B
Ale,EM58
Ale,EM59
Ale,EM62A
Ale,EM62B
Ale,EM64
Ale,EM65
Ale,EM67
Ale,EM71
Ale,EM72
Ale,EM73
Ale,EM74
Ale,EM75
Ale,EM76
Ale,EO01
Ale,EO05
Ale,EO07
Ale,EO100
Ale,EO101
Ale,EO104
Ale,EO105A
Ale,EO105
Ale,EO109
Ale,EO110A
Ale,EO110
Ale,EO113
Ale,EO119
Ale,EO120
Ale,EO121
Ale,EO122
Ale,EO123
Ale,EO126
Ale,EO17
Ale,EO18
Ale,EO20
Ale,EO21
Ale,EO24
Ale,EO25
Ale,EO26
Ale,EO29
Ale,EO31
Ale,EO35
Ale,EO39
Ale,EO47
Ale,EO48
Ale,EO49
Ale,EO50
Ale,EO54
Ale,EO55
Ale,EO56
Ale,EO64
Ale,EO65A
Ale,EO65B
Ale,EO69
Ale,EO71
Ale,EO79
Ale,EO96A
Ale,EO96B
Ale,EO96C
Ale,ICR01
Ale,ICR02B
Ale,ICR02
Ale,ICR05
Ale,ICR06
Ale,ICR10
Ale,ICR13
Ale,ICR14
Ale,ICR15
Ale,IM01
Ale,IM02
Ale,IM03
Ale,IM04
Ale,IM06
Ale,IM08
Ale,IM09
Ale,IM10
Ale,IM11
Ale,IM12
Ale,IM14
Ale,IM15
Ale,IM16
Ale,IM18
Ale,IM19
Ale,IM20
Ale,IM21
Ale,IM21
Ale,IM22
Ale,IM24
Ale,IM25
Ale,IM26
Ale,IM29
Ale,IM30
Ale,IM31
Ale,IM32
Ale,IM33
Ale,IM34B
Ale,IM34
Ale,IM35
Ale,IM35
Ale,IM40
Ale,IM41
Ale,IM42
Ale,IM43
Ale,IM44
Ale,IM47
Fiorella,IM49
Fiorella,IM50
Fiorella,IM51
Fiorella,IM52
Fiorella,IM53
Fiorella,IM54
Fiorella,IM55
Fiorella,IM56
Fiorella,IM57
Fiorella,IO01
Fiorella,IO03
Fiorella,IO03
Fiorella,IO04
Fiorella,IO06
Fiorella,IO07
Fiorella,IO07
Fiorella,IO09
Fiorella,IO100
Fiorella,IO11
Fiorella,IO12
Fiorella,IO13
Fiorella,IO14
Fiorella,IO15
Fiorella,IO18B
Fiorella,IO18
Fiorella,IO19
Fiorella,IO20
Fiorella,IO23
Fiorella,IO27
Fiorella,IO28B
Fiorella,IO28
Fiorella,IO30B
Fiorella,IO30
Fiorella,IO31
Fiorella,IO32B
Fiorella,IO32
Fiorella,IO33B
Fiorella,IO33
Fiorella,IO34
Fiorella,IO35B
Fiorella,IO35
Fiorella,IO36
Fiorella,IO37B
Fiorella,IO37
Fiorella,IO38
Fiorella,IO40
Fiorella,IO40
Fiorella,IO41
Fiorella,IO44B
Fiorella,IO44
Fiorella,IO45
Fiorella,IO46
Fiorella,IO47
Fiorella,IO49
Fiorella,IO50
Fiorella,IO51
Fiorella,IO52
Fiorella,IO53
Fiorella,IO55
Fiorella,IO57B
Fiorella,IO57
Fiorella,IO60
Fiorella,IO63
Fiorella,IO64
Fiorella,IO65
Fiorella,IO66
Fiorella,IO67
Fiorella,IO68
Fiorella,IO69
Fiorella,IO71
Fiorella,IO72
Fiorella,IO73
Fiorella,IO74
Fiorella,IO75B
Fiorella,IO75
Fiorella,IO76
Fiorella,IO77
Fiorella,IO78
Fiorella,IO79
Fiorella,IO80B
Fiorella,IO80
Fiorella,IO81
Fiorella,IO82
Fiorella,IO85
Fiorella,IO86
Fiorella,IO88
Fiorella,IO89
Fiorella,IO91
Fiorella,IO96
Fiorella,IO99
Fiorella,IPC06
Fiorella,NCR01
Fiorella,NCR02
Fiorella,NCR03
Fiorella,NCR04A
Fiorella,NCR04B
Fiorella,NCR04C
Fiorella,NCR04
Fiorella,NCR06
Fiorella,NCR07
Fiorella,NCR08
Fiorella,NCR09
Fiorella,NCR10
Fiorella,NCR12
Fiorella,NCR13
Fiorella,NCR21
Fiorella,NCR23C
Fiorella,NCR23E
Fiorella,NCR24
Fiorella,NCR26
Fiorella,NCR31
Fiorella,NM01
Fiorella,NM04
Fiorella,NM05
Fiorella,NM06
Fiorella,NM09
Fiorella,NM10
Fiorella,NM11
Fiorella,NM12
Fiorella,NM12
Fiorella,NM14
Fiorella,NM16
Fiorella,NM22
Fiorella,NM24
Fiorella,NM27
Fiorella,NM28
Fiorella,NM29
Fiorella,NM32
Fiorella,NM34
Fiorella,NM35
Fiorella,NM36
Fiorella,NM37
Fiorella,NM39A
Fiorella,NM39B
Fiorella,NM39
Fiorella,NM41A
Fiorella,NM42
Fiorella,NM45A
Fiorella,NM45
Fiorella,NM46
Fiorella,NM47
Fiorella,NM48
Fiorella,NM49
Fiorella,NM50
Fiorella,NO01
Fiorella,NO02
Fiorella,NO03
Fiorella,NO07
Fiorella,NO07
Fiorella,NO100
Fiorella,NO101
Fiorella,NO104
Fiorella,NO105
Fiorella,NO20
Fiorella,NO22
Fiorella,NO23
Fiorella,NO24
Fiorella,NO26
Fiorella,NO27
Fiorella,NO29
Fiorella,NO31
Fiorella,NO37
Fiorella,NO38
Fiorella,NO40
Fiorella,NO41
Fiorella,NO42
Fiorella,NO45
Fiorella,NO49
Fiorella,NO50A
Fiorella,NO50
Fiorella,NO53B
Fiorella,NO56
Fiorella,NO57
Fiorella,NO59
Fiorella,NO60A
Fiorella,NO60B
Fiorella,NO60
Fiorella,NO61
Fiorella,NO63A
Fiorella,NO74
Fiorella,NO84B
Fiorella,NO84C
Fiorella,NO84D
Fiorella,NO84
Fiorella,NO87
Fiorella,NO88
Fiorella,NO90
Fiorella,NO95
Fiorella,NO96
Fiorella,NO98
Fiorella,NO99
Fiorella,OM05
Fiorella,OM09
Fiorella,OM10
Fiorella,OM14
Fiorella,OM16
Fiorella,OM17
Fiorella,OM18
Fiorella,OM18
Fiorella,OM19
Fiorella,OM21
Fiorella,OM22
Fiorella,OM23
Fiorella,OM24
Fiorella,OM25
Fiorella,OM28
Fiorella,OM30
Fiorella,OM31
Fiorella,OM32
Fiorella,OM33
Fiorella,OM34
Fiorella,OM36
Fiorella,OM37
Fiorella,OM39
Fiorella,OM42
Fiorella,OM44
Fiorella,OM47
Fiorella,OM52
Fiorella,OM57
Fiorella,OM62
Fiorella,OM75
Fiorella,OM77
Fiorella,OO08
Fiorella,OO12
Fiorella,SCR01A
Fiorella,SCR01
Fiorella,SCR04A
Fiorella,SCR04
Fiorella,SCR05B
Fiorella,SCR05
Fiorella,SCR06
Fiorella,SCR07
Fiorella,SCR08
Fiorella,SCR09A
Fiorella,SCR09
Fiorella,SCR10
Fiorella,SCR11A
Fiorella,SCR11B
Fiorella,SCR11
Fiorella,SCR12
Fiorella,SCR14B
Fiorella,SCR14
Fiorella,SCR15
Fiorella,SCR17
Fiorella,SCR21
Fiorella,SCR22
Fiorella,SCR26
Fiorella,SCR30
Fiorella,SCR31
Fiorella,SCR33
Fiorella,SCR35
Fiorella,SCR36
Fiorella,SCR38A
Fiorella,SCR38B
Fiorella,SCR38
Fiorella,SCR39A
Fiorella,SCR39
Fiorella,SCR40
Fiorella,SCR41A
Fiorella,SCR41
Fiorella,SCR42
Fiorella,SM05
Fiorella,SM09
Fiorella,SM14
Fiorella,SM17
Fiorella,SM18
Fiorella,SM19A
Fiorella,SM19B
Fiorella,SM19C
Fiorella,SM19D
Fiorella,SM19E
Fiorella,SM19F
Fiorella,SM19G
Fiorella,SM19
Fiorella,SM20A
Fiorella,SM20B
Fiorella,SM20
Fiorella,SM21
Fiorella,SM24
Fiorella,SM25
Fiorella,SM26
Fiorella,SM27
Fiorella,SM28
Fiorella,SM30
Fiorella,SM31
Fiorella,SM33
Fiorella,SM35A
Fiorella,SM35
Fiorella,SM36A
Fiorella,SM36
Fiorella,SM37
Fiorella,SM38
Fiorella,SM40
Fiorella,SM41
Fiorella,SM42A
Fiorella,SM42B
Fiorella,SM42
Fiorella,SM44
Fiorella,SM46A
Fiorella,SM46B
Fiorella,SM46
Fiorella,SM49
Fiorella,SO02
Fiorella,SO03
Fiorella,SO04
Fiorella,SO05
Fiorella,SO07
Fiorella,SO08
Fiorella,SO10
Fiorella,SO11
Fiorella,SO12A
Fiorella,SO12B
Fiorella,SO13
Fiorella,SO14
Fiorella,SO15
Fiorella,SO16
Fiorella,SO17
Fiorella,SO18
Fiorella,SO20
Fiorella,SO21
Fiorella,SO24
Fiorella,SO25
Fiorella,SO26
Fiorella,SO28
Fiorella,SO30
Fiorella,SO31
Fiorella,SO33
Fiorella,SO35
Fiorella,SO37
Fiorella,SO39
Fiorella,SO41
Fiorella,SO42
Fiorella,SO44
Fiorella,SO49A
Fiorella,SO50
Fiorella,SO51A
Fiorella,SO51
Fiorella,SO55C
Fiorella,SO55D
Fiorella,SO55
Fiorella,SO58B
Fiorella,SO64B
Fiorella,SO64C
Fiorella,SO67A
Fiorella,SO67B
Fiorella,SO71
Fiorella,SO74
Fiorella,SO91
Fiorella,SO92
Fiorella,SO93
Fiorella,SO94
